city,images,train_id,class_name,raw_label_id,pixels,pct_city_all_pixels,pct_city_labeled_pixels
aachen,174,0,road,7,121578926,33.318017,36.496066
aachen,174,1,sidewalk,8,19823654,5.432560,5.950747
aachen,174,2,building,11,86396522,23.676478,25.934866
aachen,174,3,wall,12,1108814,0.303864,0.332848
aachen,174,4,fence,13,934327,0.256047,0.280470
aachen,174,5,pole,17,3620801,0.992260,1.086907
aachen,174,6,traffic light,19,584399,0.160151,0.175427
aachen,174,7,traffic sign,20,1870141,0.512502,0.561387
aachen,174,8,vegetation,21,53507491,14.663425,16.062100
aachen,174,9,terrain,22,3732943,1.022992,1.120570
aachen,174,10,sky,23,9955979,2.728380,2.988627
aachen,174,11,person,24,3665555,1.004525,1.100341
aachen,174,12,rider,25,181325,0.049691,0.054431
aachen,174,13,car,26,23746182,6.507507,7.128227
aachen,174,14,truck,27,132838,0.036404,0.039876
aachen,174,15,bus,28,836675,0.229286,0.251157
aachen,174,16,train,31,0,0.000000,0.000000
aachen,174,17,motorcycle,32,444007,0.121678,0.133284
aachen,174,18,bicycle,33,1008273,0.276312,0.302668
bochum,96,0,road,7,66482927,33.022427,38.653087
bochum,96,1,sidewalk,8,8538751,4.241244,4.964419
bochum,96,2,building,11,32749215,16.266711,19.040351
bochum,96,3,wall,12,1543251,0.766541,0.897244
bochum,96,4,fence,13,1156781,0.574579,0.672551
bochum,96,5,pole,17,2389974,1.187113,1.389528
bochum,96,6,traffic light,19,658527,0.327094,0.382867
bochum,96,7,traffic sign,20,1288001,0.639757,0.748842
bochum,96,8,vegetation,21,35873770,17.818694,20.856963
bochum,96,9,terrain,22,5465050,2.714520,3.177373
bochum,96,10,sky,23,4033399,2.003411,2.345013
bochum,96,11,person,24,350687,0.174188,0.203889
bochum,96,12,rider,25,37769,0.018760,0.021959
bochum,96,13,car,26,10965597,5.446671,6.375384
bochum,96,14,truck,27,315092,0.156508,0.183194
bochum,96,15,bus,28,46129,0.022913,0.026819
bochum,96,16,train,31,18131,0.009006,0.010541
bochum,96,17,motorcycle,32,21386,0.010623,0.012434
bochum,96,18,bicycle,33,64575,0.032075,0.037544
bremen,316,0,road,7,217444613,32.811921,36.268861
bremen,316,1,sidewalk,8,40227949,6.070310,6.709855
bremen,316,2,building,11,125406548,18.923577,20.917293
bremen,316,3,wall,12,1937838,0.292416,0.323223
bremen,316,4,fence,13,4835874,0.729723,0.806604
bremen,316,5,pole,17,7645781,1.153732,1.275285
bremen,316,6,traffic light,19,1263750,0.190697,0.210788
bremen,316,7,traffic sign,20,2940601,0.443730,0.490480
bremen,316,8,vegetation,21,101705591,15.347153,16.964072
bremen,316,9,terrain,22,8411601,1.269292,1.403020
bremen,316,10,sky,23,31184402,4.705659,5.201429
bremen,316,11,person,24,2685866,0.405291,0.447991
bremen,316,12,rider,25,786605,0.118697,0.131202
bremen,316,13,car,26,44897611,6.774952,7.488736
bremen,316,14,truck,27,802000,0.121020,0.133770
bremen,316,15,bus,28,1347404,0.203320,0.224741
bremen,316,16,train,31,2573772,0.388377,0.429295
bremen,316,17,motorcycle,32,283577,0.042791,0.047299
bremen,316,18,bicycle,33,3153881,0.475914,0.526054
cologne,154,0,road,7,110133988,34.101284,37.600469
cologne,154,1,sidewalk,8,12161801,3.765713,4.152119
cologne,154,2,building,11,63193283,19.566822,21.574603
cologne,154,3,wall,12,662854,0.205242,0.226303
cologne,154,4,fence,13,1840475,0.569875,0.628350
cologne,154,5,pole,17,5936619,1.838182,2.026801
cologne,154,6,traffic light,19,1073020,0.332244,0.366336
cologne,154,7,traffic sign,20,1699885,0.526343,0.580352
cologne,154,8,vegetation,21,42835526,13.263357,14.624331
cologne,154,9,terrain,22,4726561,1.463506,1.613679
cologne,154,10,sky,23,11418863,3.535674,3.898475
cologne,154,11,person,24,4709111,1.458103,1.607722
cologne,154,12,rider,25,798529,0.247252,0.272623
cologne,154,13,car,26,27066599,8.380753,9.240715
cologne,154,14,truck,27,143785,0.044521,0.049089
cologne,154,15,bus,28,1258756,0.389754,0.429748
cologne,154,16,train,31,626570,0.194008,0.213915
cologne,154,17,motorcycle,32,334042,0.103431,0.114044
cologne,154,18,bicycle,33,2285622,0.707707,0.780326
darmstadt,85,0,road,7,58819570,32.996890,37.579403
darmstadt,85,1,sidewalk,8,6140551,3.444756,3.923154
darmstadt,85,2,building,11,33551961,18.822143,21.436108
darmstadt,85,3,wall,12,1043879,0.585600,0.666927
darmstadt,85,4,fence,13,937621,0.525991,0.599039
darmstadt,85,5,pole,17,2061945,1.156720,1.317362
darmstadt,85,6,traffic light,19,317012,0.177839,0.202537
darmstadt,85,7,traffic sign,20,1070792,0.600698,0.684121
darmstadt,85,8,vegetation,21,24036874,13.484323,15.356987
darmstadt,85,9,terrain,22,725871,0.407203,0.463754
darmstadt,85,10,sky,23,9533035,5.347889,6.090588
darmstadt,85,11,person,24,2917975,1.636940,1.864273
darmstadt,85,12,rider,25,270282,0.151624,0.172681
darmstadt,85,13,car,26,11405898,6.398536,7.287147
darmstadt,85,14,truck,27,2031244,1.139497,1.297747
darmstadt,85,15,bus,28,328975,0.184550,0.210180
darmstadt,85,16,train,31,790273,0.443331,0.504900
darmstadt,85,17,motorcycle,32,249603,0.140024,0.159470
darmstadt,85,18,bicycle,33,287406,0.161230,0.183622
dusseldorf,221,0,road,7,163868482,35.356824,38.821851
dusseldorf,221,1,sidewalk,8,15456483,3.334944,3.661774
dusseldorf,221,2,building,11,92445319,19.946318,21.901090
dusseldorf,221,3,wall,12,1815537,0.391726,0.430116
dusseldorf,221,4,fence,13,2447931,0.528174,0.579936
dusseldorf,221,5,pole,17,6023169,1.299580,1.426940
dusseldorf,221,6,traffic light,19,1252803,0.270309,0.296800
dusseldorf,221,7,traffic sign,20,2532336,0.546385,0.599932
dusseldorf,221,8,vegetation,21,73200288,15.793944,17.341777
dusseldorf,221,9,terrain,22,6827133,1.473046,1.617406
dusseldorf,221,10,sky,23,16113697,3.476746,3.817473
dusseldorf,221,11,person,24,1667227,0.359727,0.394980
dusseldorf,221,12,rider,25,125691,0.027120,0.029777
dusseldorf,221,13,car,26,35208036,7.596606,8.341086
dusseldorf,221,14,truck,27,282942,0.061049,0.067031
dusseldorf,221,15,bus,28,440776,0.095103,0.104424
dusseldorf,221,16,train,31,953517,0.205734,0.225896
dusseldorf,221,17,motorcycle,32,286140,0.061739,0.067789
dusseldorf,221,18,bicycle,33,1156223,0.249471,0.273919
erfurt,109,0,road,7,69024187,30.195685,33.092750
erfurt,109,1,sidewalk,8,19258423,8.424891,9.233201
erfurt,109,2,building,11,49218451,21.531364,23.597147
erfurt,109,3,wall,12,3401895,1.488211,1.630994
erfurt,109,4,fence,13,1993148,0.871933,0.955589
erfurt,109,5,pole,17,2168471,0.948631,1.039645
erfurt,109,6,traffic light,19,234673,0.102661,0.112511
erfurt,109,7,traffic sign,20,855101,0.374077,0.409967
erfurt,109,8,vegetation,21,33889317,14.825400,16.247793
erfurt,109,9,terrain,22,2262536,0.989781,1.084743
erfurt,109,10,sky,23,9261743,4.051691,4.440422
erfurt,109,11,person,24,1715780,0.750594,0.822608
erfurt,109,12,rider,25,185005,0.080933,0.088698
erfurt,109,13,car,26,12484901,5.461711,5.985724
erfurt,109,14,truck,27,463183,0.202626,0.222067
erfurt,109,15,bus,28,285413,0.124858,0.136838
erfurt,109,16,train,31,1448570,0.633699,0.694498
erfurt,109,17,motorcycle,32,51458,0.022511,0.024671
erfurt,109,18,bicycle,33,375720,0.164364,0.180134
hamburg,248,0,road,7,172721161,33.209624,39.644748
hamburg,248,1,sidewalk,8,20957023,4.029471,4.810273
hamburg,248,2,building,11,77823004,14.963266,17.862741
hamburg,248,3,wall,12,1732071,0.333031,0.397563
hamburg,248,4,fence,13,4018252,0.772602,0.922311
hamburg,248,5,pole,17,6270510,1.205650,1.439272
hamburg,248,6,traffic light,19,1321247,0.254040,0.303266
hamburg,248,7,traffic sign,20,3357650,0.645586,0.770683
hamburg,248,8,vegetation,21,66998838,12.882071,15.378266
hamburg,248,9,terrain,22,4699544,0.903596,1.078688
hamburg,248,10,sky,23,20169521,3.878055,4.629517
hamburg,248,11,person,24,13428704,2.581978,3.082295
hamburg,248,12,rider,25,1013372,0.194844,0.232600
hamburg,248,13,car,26,30665789,5.896205,7.038729
hamburg,248,14,truck,27,2280626,0.438503,0.523473
hamburg,248,15,bus,28,4286027,0.824087,0.983773
hamburg,248,16,train,31,24738,0.004756,0.005678
hamburg,248,17,motorcycle,32,387575,0.074520,0.088960
hamburg,248,18,bicycle,33,3516590,0.676145,0.807164
hanover,196,0,road,7,134775136,32.788670,38.928592
hanover,196,1,sidewalk,8,21591738,5.252930,6.236580
hanover,196,2,building,11,72621442,17.667654,20.976054
hanover,196,3,wall,12,1228650,0.298911,0.354885
hanover,196,4,fence,13,1999372,0.486416,0.577501
hanover,196,5,pole,17,5238677,1.274488,1.513145
hanover,196,6,traffic light,19,802329,0.195194,0.231746
hanover,196,7,traffic sign,20,2245550,0.546307,0.648607
hanover,196,8,vegetation,21,51553652,12.542192,14.890811
hanover,196,9,terrain,22,3607609,0.877675,1.042026
hanover,196,10,sky,23,13507750,3.286223,3.901593
hanover,196,11,person,24,4446835,1.081845,1.284428
hanover,196,12,rider,25,789678,0.192116,0.228091
hanover,196,13,car,26,25976797,6.319746,7.503165
hanover,196,14,truck,27,2367972,0.576090,0.683968
hanover,196,15,bus,28,479890,0.116750,0.138612
hanover,196,16,train,31,24672,0.006002,0.007126
hanover,196,17,motorcycle,32,405394,0.098626,0.117094
hanover,196,18,bicycle,33,2548035,0.619897,0.735977
jena,119,0,road,7,74967512,30.039744,33.558103
jena,119,1,sidewalk,8,18090017,7.248733,8.097730
jena,119,2,building,11,56651791,22.700571,25.359340
jena,119,3,wall,12,4236322,1.697509,1.896327
jena,119,4,fence,13,3466761,1.389143,1.551845
jena,119,5,pole,17,2361882,0.946414,1.057262
jena,119,6,traffic light,19,239670,0.096037,0.107285
jena,119,7,traffic sign,20,866299,0.347129,0.387786
jena,119,8,vegetation,21,36618633,14.673214,16.391792
jena,119,9,terrain,22,1374189,0.550642,0.615135
jena,119,10,sky,23,6204854,2.486307,2.777512
jena,119,11,person,24,3385234,1.356475,1.515350
jena,119,12,rider,25,380760,0.152572,0.170442
jena,119,13,car,26,12144075,4.866173,5.436116
jena,119,14,truck,27,251901,0.100938,0.112760
jena,119,15,bus,28,486123,0.194791,0.217606
jena,119,16,train,31,689249,0.276184,0.308532
jena,119,17,motorcycle,32,100252,0.040171,0.044876
jena,119,18,bicycle,33,880632,0.352872,0.394202
krefeld,99,0,road,7,70659498,34.033408,39.443325
krefeld,99,1,sidewalk,8,9479358,4.565768,5.291538
krefeld,99,2,building,11,51917325,25.006171,28.981127
krefeld,99,3,wall,12,607316,0.292516,0.339014
krefeld,99,4,fence,13,781444,0.376385,0.436215
krefeld,99,5,pole,17,2006416,0.966398,1.120015
krefeld,99,6,traffic light,19,262448,0.126409,0.146503
krefeld,99,7,traffic sign,20,906162,0.436456,0.505835
krefeld,99,8,vegetation,21,19817597,9.545219,11.062517
krefeld,99,9,terrain,22,980813,0.472412,0.547506
krefeld,99,10,sky,23,6634298,3.195434,3.703377
krefeld,99,11,person,24,1215807,0.585598,0.678684
krefeld,99,12,rider,25,213002,0.102593,0.118901
krefeld,99,13,car,26,12381675,5.963680,6.911660
krefeld,99,14,truck,27,82594,0.039782,0.046105
krefeld,99,15,bus,28,492649,0.237286,0.275005
krefeld,99,16,train,31,392852,0.189219,0.219297
krefeld,99,17,motorcycle,32,41107,0.019799,0.022947
krefeld,99,18,bicycle,33,269480,0.129796,0.150428
monchengladbach,94,0,road,7,66775017,33.873201,39.384357
monchengladbach,94,1,sidewalk,8,11005915,5.583010,6.491363
monchengladbach,94,2,building,11,38382578,19.470467,22.638304
monchengladbach,94,3,wall,12,1735425,0.880335,1.023565
monchengladbach,94,4,fence,13,1869426,0.948310,1.102600
monchengladbach,94,5,pole,17,2244257,1.138452,1.323678
monchengladbach,94,6,traffic light,19,328642,0.166711,0.193835
monchengladbach,94,7,traffic sign,20,800498,0.406071,0.472139
monchengladbach,94,8,vegetation,21,23982861,12.165872,14.145254
monchengladbach,94,9,terrain,22,1836659,0.931689,1.083274
monchengladbach,94,10,sky,23,9002607,4.566785,5.309799
monchengladbach,94,11,person,24,830136,0.421106,0.489620
monchengladbach,94,12,rider,25,149084,0.075626,0.087931
monchengladbach,94,13,car,26,9985236,5.065246,5.889360
monchengladbach,94,14,truck,27,164961,0.083680,0.097295
monchengladbach,94,15,bus,28,173809,0.088169,0.102514
monchengladbach,94,16,train,31,0,0.000000,0.000000
monchengladbach,94,17,motorcycle,32,52474,0.026619,0.030950
monchengladbach,94,18,bicycle,33,227470,0.115390,0.134163
strasbourg,365,0,road,7,225920576,29.514336,34.875312
strasbourg,365,1,sidewalk,8,52611909,6.873236,8.121689
strasbourg,365,2,building,11,182807283,23.882001,28.219922
strasbourg,365,3,wall,12,3117531,0.407275,0.481253
strasbourg,365,4,fence,13,11175067,1.459914,1.725093
strasbourg,365,5,pole,17,7740020,1.011159,1.194825
strasbourg,365,6,traffic light,19,773087,0.100996,0.119341
strasbourg,365,7,traffic sign,20,3535373,0.461862,0.545755
strasbourg,365,8,vegetation,21,78094536,10.202295,12.055437
strasbourg,365,9,terrain,22,3264344,0.426455,0.503916
strasbourg,365,10,sky,23,22379482,2.923663,3.454716
strasbourg,365,11,person,24,10328888,1.349369,1.594468
strasbourg,365,12,rider,25,586465,0.076616,0.090532
strasbourg,365,13,car,26,38728720,5.059532,5.978544
strasbourg,365,14,truck,27,195504,0.025541,0.030180
strasbourg,365,15,bus,28,503318,0.065754,0.077697
strasbourg,365,16,train,31,1542634,0.201530,0.238136
strasbourg,365,17,motorcycle,32,683890,0.089344,0.105572
strasbourg,365,18,bicycle,33,3806505,0.497283,0.587609
stuttgart,196,0,road,7,141402015,34.400885,37.734613
stuttgart,196,1,sidewalk,8,14698798,3.575986,3.922529
stuttgart,196,2,building,11,95788001,23.303713,25.562034
stuttgart,196,3,wall,12,2119672,0.515683,0.565657
stuttgart,196,4,fence,13,2046391,0.497855,0.546101
stuttgart,196,5,pole,17,3514154,0.854938,0.937789
stuttgart,196,6,traffic light,19,705546,0.171648,0.188282
stuttgart,196,7,traffic sign,20,2312191,0.562520,0.617032
stuttgart,196,8,vegetation,21,44863403,10.914560,11.972270
stuttgart,196,9,terrain,22,3588196,0.872952,0.957548
stuttgart,196,10,sky,23,14672401,3.569564,3.915484
stuttgart,196,11,person,24,7001946,1.703463,1.868543
stuttgart,196,12,rider,25,334724,0.081433,0.089325
stuttgart,196,13,car,26,35715173,8.688940,9.530969
stuttgart,196,14,truck,27,3758137,0.914296,1.002898
stuttgart,196,15,bus,28,344032,0.083698,0.091809
stuttgart,196,16,train,31,566721,0.137874,0.151235
stuttgart,196,17,motorcycle,32,725025,0.176387,0.193481
stuttgart,196,18,bicycle,33,571091,0.138937,0.152402
tubingen,144,0,road,7,94396015,31.258005,34.377773
tubingen,144,1,sidewalk,8,19131257,6.335065,6.967349
tubingen,144,2,building,11,49682289,16.451640,18.093629
tubingen,144,3,wall,12,3277725,1.085376,1.193704
tubingen,144,4,fence,13,2767605,0.916456,1.007925
tubingen,144,5,pole,17,1988105,0.658335,0.724041
tubingen,144,6,traffic light,19,325802,0.107885,0.118653
tubingen,144,7,traffic sign,20,1099827,0.364193,0.400542
tubingen,144,8,vegetation,21,69510534,23.017504,25.314812
tubingen,144,9,terrain,22,4205142,1.392478,1.531457
tubingen,144,10,sky,23,8954005,2.965002,3.260930
tubingen,144,11,person,24,2650375,0.877637,0.965231
tubingen,144,12,rider,25,507366,0.168008,0.184776
tubingen,144,13,car,26,14423119,4.776027,5.252708
tubingen,144,14,truck,27,99499,0.032948,0.036236
tubingen,144,15,bus,28,196719,0.065141,0.071642
tubingen,144,16,train,31,0,0.000000,0.000000
tubingen,144,17,motorcycle,32,297330,0.098457,0.108284
tubingen,144,18,bicycle,33,1071725,0.354888,0.390308
ulm,95,0,road,7,64247024,32.247756,36.323300
ulm,95,1,sidewalk,8,8716353,4.375033,4.927959
ulm,95,2,building,11,31325370,15.723264,17.710405
ulm,95,3,wall,12,1738948,0.872837,0.983148
ulm,95,4,fence,13,1190112,0.597357,0.672853
ulm,95,5,pole,17,1805284,0.906133,1.020652
ulm,95,6,traffic light,19,325142,0.163200,0.183825
ulm,95,7,traffic sign,20,937962,0.470795,0.530295
ulm,95,8,vegetation,21,36785989,18.464133,20.797672
ulm,95,9,terrain,22,4857988,2.438389,2.746558
ulm,95,10,sky,23,10968757,5.505590,6.201399
ulm,95,11,person,24,1074215,0.539185,0.607328
ulm,95,12,rider,25,249809,0.125388,0.141234
ulm,95,13,car,26,10060070,5.049490,5.687655
ulm,95,14,truck,27,1116627,0.560473,0.631307
ulm,95,15,bus,28,547473,0.274795,0.309524
ulm,95,16,train,31,65899,0.033077,0.037257
ulm,95,17,motorcycle,32,494969,0.248442,0.279840
ulm,95,18,bicycle,33,367525,0.184473,0.207787
weimar,142,0,road,7,98681774,33.137420,35.866333
weimar,142,1,sidewalk,8,21219884,7.125654,7.712462
weimar,142,2,building,11,68781483,23.096878,24.998938
weimar,142,3,wall,12,2957404,0.993099,1.074882
weimar,142,4,fence,13,3382143,1.135726,1.229255
weimar,142,5,pole,17,1905265,0.639790,0.692477
weimar,142,6,traffic light,19,184595,0.061987,0.067092
weimar,142,7,traffic sign,20,1120118,0.376137,0.407112
weimar,142,8,vegetation,21,47316527,15.888928,17.197404
weimar,142,9,terrain,22,1842008,0.618548,0.669486
weimar,142,10,sky,23,8356807,2.806223,3.037319
weimar,142,11,person,24,2397647,0.805132,0.871436
weimar,142,12,rider,25,294381,0.098853,0.106994
weimar,142,13,car,26,15460124,5.191522,5.619051
weimar,142,14,truck,27,31577,0.010604,0.011477
weimar,142,15,bus,28,597880,0.200769,0.217302
weimar,142,16,train,31,0,0.000000,0.000000
weimar,142,17,motorcycle,32,85008,0.028546,0.030897
weimar,142,18,bicycle,33,522996,0.175622,0.190085
zurich,122,0,road,7,84518104,33.033912,35.901048
zurich,122,1,sidewalk,8,16980929,6.636998,7.213048
zurich,122,2,building,11,51894255,20.282876,22.043302
zurich,122,3,wall,12,1934366,0.756047,0.821667
zurich,122,4,fence,13,1611436,0.629830,0.684495
zurich,122,5,pole,17,2868176,1.121027,1.218325
zurich,122,6,traffic light,19,824396,0.322215,0.350182
zurich,122,7,traffic sign,20,1009706,0.394644,0.428896
zurich,122,8,vegetation,21,39192561,15.318418,16.647960
zurich,122,9,terrain,22,1541349,0.602436,0.654724
zurich,122,10,sky,23,9628046,3.763123,4.089738
zurich,122,11,person,24,2854436,1.115657,1.212489
zurich,122,12,rider,25,559315,0.218608,0.237582
zurich,122,13,car,26,15012684,5.867709,6.376990
zurich,122,14,truck,27,251846,0.098434,0.106977
zurich,122,15,bus,28,338242,0.132202,0.143676
zurich,122,16,train,31,3146357,1.229754,1.336489
zurich,122,17,motorcycle,32,505915,0.197737,0.214899
zurich,122,18,bicycle,33,747484,0.292154,0.317511
