split,train_id,class_name,raw_label_id,pixels,pct_all_pixels,pct_labeled_pixels,frequency_rank
train,0,road,7,2036416525,32.639969,36.869696,1
train,1,sidewalk,8,336090793,5.386910,6.084986,5
train,2,building,11,1260636120,20.205652,22.824049,2
train,3,wall,12,36199498,0.580211,0.655399,11
train,4,fence,13,48454166,0.776630,0.877272,10
train,5,pole,17,67789506,1.086540,1.227341,7
train,6,traffic light,19,11477088,0.183956,0.207795,17
train,7,traffic sign,20,30448193,0.488028,0.551270,12
train,8,vegetation,21,879783988,14.101301,15.928651,3
train,9,terrain,22,63949536,1.024992,1.157818,9
train,10,sky,23,221979646,3.557921,4.018982,6
train,11,person,24,67326424,1.079117,1.218957,8
train,12,rider,25,7463162,0.119621,0.135122,18
train,13,car,26,386328286,6.192124,6.994545,4
train,14,truck,27,14772328,0.236773,0.267456,14
train,15,bus,28,12990290,0.208210,0.235192,15
train,16,train,31,12863955,0.206185,0.232904,16
train,17,motorcycle,32,5449152,0.087340,0.098658,19
train,18,bicycle,33,22861233,0.366423,0.413907,13
val,0,road,7,345264442,32.926983,37.650761,1
val,1,sidewalk,8,49568652,4.727235,5.405415,5
val,2,building,11,201005428,19.169371,21.919452,2
val,3,wall,12,6718315,0.640708,0.732626,11
val,4,fence,13,7521741,0.717329,0.820239,10
val,5,pole,17,13565658,1.293722,1.479322,7
val,6,traffic light,19,1808393,0.172462,0.197204,17
val,7,traffic sign,20,6098373,0.581586,0.665022,13
val,8,vegetation,21,158868008,15.150834,17.324406,3
val,9,terrain,22,7625026,0.727179,0.831502,9
val,10,sky,23,30765347,2.934012,3.354932,6
val,11,person,24,11913424,1.136153,1.299148,8
val,12,rider,25,1975596,0.188408,0.215437,16
val,13,car,26,59731217,5.696413,6.513633,4
val,14,truck,27,2760211,0.263234,0.300998,15
val,15,bus,28,3563120,0.339806,0.388555,14
val,16,train,31,1031648,0.098386,0.112500,18
val,17,motorcycle,32,729415,0.069562,0.079542,19
val,18,bicycle,33,6504475,0.620315,0.709307,12
